<?xml version="1.0" encoding="UTF-8"?>
<GenRun Id="synth_1" LaunchPart="xc7z020clg484-1" LaunchTime="1552059426">
  <File Type="RDS-DCP" Name="AES.dcp"/>
  <File Type="RUN-CONSTRS" Name="$PDATADIR/runs/synth_1/constrs_in.xml"/>
  <File Type="RDS-UTIL-PB" Name="AES_utilization_synth.pb"/>
  <File Type="RUN-SRCS" Name="$PDATADIR/runs/synth_1/sources.xml"/>
  <File Type="RDS-PROPCONSTRS" Name="AES_drc_synth.rpt"/>
  <File Type="PA-TCL" Name="AES.tcl"/>
  <File Type="RUN-STRAT" Name="$PDATADIR/runs/synth_1/synth_1.psg"/>
  <File Type="RDS-RDS" Name="AES.vds"/>
  <File Type="RDS-UTIL" Name="AES_utilization_synth.rpt"/>
  <File Type="VDS-TIMINGSUMMARY" Name="AES_timing_summary_synth.rpt"/>
  <File Type="VDS-TIMING-PB" Name="AES_timing_summary_synth.pb"/>
  <FileSet Name="sources" Type="DesignSrcs" RelSrcDir="$PSRCDIR/sources_1">
    <Filter Type="Srcs"/>
    <File Path="$PSRCDIR/sources_1/imports/imports/sources_1/imports/rtl/xE.vhd">
      <FileInfo>
        <Attr Name="ImportPath" Val="$PPRDIR/../AES128_encryption_decryption/AES128_encryption_decryption/AES128_encryption_decryption.srcs/sources_1/imports/sources_1/imports/rtl/xE.vhd"/>
        <Attr Name="ImportTime" Val="1450861924"/>
        <Attr Name="UsedIn" Val="synthesis"/>
        <Attr Name="UsedIn" Val="simulation"/>
      </FileInfo>
    </File>
    <File Path="$PSRCDIR/sources_1/imports/imports/sources_1/imports/rtl/xD.vhd">
      <FileInfo>
        <Attr Name="ImportPath" Val="$PPRDIR/../AES128_encryption_decryption/AES128_encryption_decryption/AES128_encryption_decryption.srcs/sources_1/imports/sources_1/imports/rtl/xD.vhd"/>
        <Attr Name="ImportTime" Val="1450861924"/>
        <Attr Name="UsedIn" Val="synthesis"/>
        <Attr Name="UsedIn" Val="simulation"/>
      </FileInfo>
    </File>
    <File Path="$PSRCDIR/sources_1/imports/imports/sources_1/imports/rtl/xB.vhd">
      <FileInfo>
        <Attr Name="ImportPath" Val="$PPRDIR/../AES128_encryption_decryption/AES128_encryption_decryption/AES128_encryption_decryption.srcs/sources_1/imports/sources_1/imports/rtl/xB.vhd"/>
        <Attr Name="ImportTime" Val="1450861924"/>
        <Attr Name="UsedIn" Val="synthesis"/>
        <Attr Name="UsedIn" Val="simulation"/>
      </FileInfo>
    </File>
    <File Path="$PSRCDIR/sources_1/imports/imports/sources_1/imports/rtl/x9.vhd">
      <FileInfo>
        <Attr Name="ImportPath" Val="$PPRDIR/../AES128_encryption_decryption/AES128_encryption_decryption/AES128_encryption_decryption.srcs/sources_1/imports/sources_1/imports/rtl/x9.vhd"/>
        <Attr Name="ImportTime" Val="1450861924"/>
        <Attr Name="UsedIn" Val="synthesis"/>
        <Attr Name="UsedIn" Val="simulation"/>
      </FileInfo>
    </File>
    <File Path="$PSRCDIR/sources_1/imports/imports/sources_1/imports/rtl/Inv_Sbox.vhd">
      <FileInfo>
        <Attr Name="ImportPath" Val="$PPRDIR/../AES128_encryption_decryption/AES128_encryption_decryption/AES128_encryption_decryption.srcs/sources_1/imports/sources_1/imports/rtl/Inv_Sbox.vhd"/>
        <Attr Name="ImportTime" Val="1537969126"/>
        <Attr Name="UsedIn" Val="synthesis"/>
        <Attr Name="UsedIn" Val="simulation"/>
      </FileInfo>
    </File>
    <File Path="$PSRCDIR/sources_1/imports/imports/sources_1/imports/rtl/Inv_Sub_4bytes.vhd">
      <FileInfo>
        <Attr Name="ImportPath" Val="$PPRDIR/../AES128_encryption_decryption/AES128_encryption_decryption/AES128_encryption_decryption.srcs/sources_1/imports/sources_1/imports/rtl/Inv_Sub_4bytes.vhd"/>
        <Attr Name="ImportTime" Val="1538051947"/>
        <Attr Name="UsedIn" Val="synthesis"/>
        <Attr Name="UsedIn" Val="simulation"/>
      </FileInfo>
    </File>
    <File Path="$PSRCDIR/sources_1/imports/imports/sources_1/imports/rtl/gf_mul.vhd">
      <FileInfo>
        <Attr Name="ImportPath" Val="$PPRDIR/../AES128_encryption_decryption/AES128_encryption_decryption/AES128_encryption_decryption.srcs/sources_1/imports/sources_1/imports/rtl/gf_mul.vhd"/>
        <Attr Name="ImportTime" Val="1538095463"/>
        <Attr Name="UsedIn" Val="synthesis"/>
        <Attr Name="UsedIn" Val="simulation"/>
      </FileInfo>
    </File>
    <File Path="$PSRCDIR/sources_1/imports/imports/sources_1/new/Inv_Sub_4bytes_complete.vhd">
      <FileInfo>
        <Attr Name="ImportPath" Val="$PPRDIR/../AES128_encryption_decryption/AES128_encryption_decryption/AES128_encryption_decryption.srcs/sources_1/imports/sources_1/new/Inv_Sub_4bytes_complete.vhd"/>
        <Attr Name="ImportTime" Val="1538059626"/>
        <Attr Name="UsedIn" Val="synthesis"/>
        <Attr Name="UsedIn" Val="simulation"/>
      </FileInfo>
    </File>
    <File Path="$PSRCDIR/sources_1/imports/imports/sources_1/imports/rtl/inv_mix_column.vhd">
      <FileInfo>
        <Attr Name="ImportPath" Val="$PPRDIR/../AES128_encryption_decryption/AES128_encryption_decryption/AES128_encryption_decryption.srcs/sources_1/imports/sources_1/imports/rtl/inv_mix_column.vhd"/>
        <Attr Name="ImportTime" Val="1538184006"/>
        <Attr Name="UsedIn" Val="synthesis"/>
        <Attr Name="UsedIn" Val="simulation"/>
      </FileInfo>
    </File>
    <File Path="$PSRCDIR/sources_1/imports/imports/sources_1/new/inv_mix_column_complete.vhd">
      <FileInfo>
        <Attr Name="ImportPath" Val="$PPRDIR/../AES128_encryption_decryption/AES128_encryption_decryption/AES128_encryption_decryption.srcs/sources_1/imports/sources_1/new/inv_mix_column_complete.vhd"/>
        <Attr Name="ImportTime" Val="1538183914"/>
        <Attr Name="UsedIn" Val="synthesis"/>
        <Attr Name="UsedIn" Val="simulation"/>
      </FileInfo>
    </File>
    <File Path="$PSRCDIR/sources_1/imports/imports/sources_1/imports/rtl/InvSub_addRk.vhd">
      <FileInfo>
        <Attr Name="ImportPath" Val="$PPRDIR/../AES128_encryption_decryption/AES128_encryption_decryption/AES128_encryption_decryption.srcs/sources_1/imports/sources_1/imports/rtl/InvSub_addRk.vhd"/>
        <Attr Name="ImportTime" Val="1538053546"/>
        <Attr Name="UsedIn" Val="synthesis"/>
        <Attr Name="UsedIn" Val="simulation"/>
      </FileInfo>
    </File>
    <File Path="$PSRCDIR/sources_1/imports/imports/src/dual_mem.vhd">
      <FileInfo>
        <Attr Name="ImportPath" Val="$PPRDIR/../AES128_encryption_decryption/AES128_encryption_decryption/AES128_encryption_decryption.srcs/sources_1/imports/src/dual_mem.vhd"/>
        <Attr Name="ImportTime" Val="1537787629"/>
        <Attr Name="UsedIn" Val="synthesis"/>
        <Attr Name="UsedIn" Val="simulation"/>
      </FileInfo>
    </File>
    <File Path="$PSRCDIR/sources_1/imports/imports/src/aes_lib.vhd">
      <FileInfo>
        <Attr Name="ImportPath" Val="$PPRDIR/../AES128_encryption_decryption/AES128_encryption_decryption/AES128_encryption_decryption.srcs/sources_1/imports/src/aes_lib.vhd"/>
        <Attr Name="ImportTime" Val="1538224882"/>
        <Attr Name="UsedIn" Val="synthesis"/>
        <Attr Name="UsedIn" Val="simulation"/>
      </FileInfo>
    </File>
    <File Path="$PSRCDIR/sources_1/imports/imports/sources_1/imports/rtl/dec_round.vhd">
      <FileInfo>
        <Attr Name="ImportPath" Val="$PPRDIR/../AES128_encryption_decryption/AES128_encryption_decryption/AES128_encryption_decryption.srcs/sources_1/imports/sources_1/imports/rtl/dec_round.vhd"/>
        <Attr Name="ImportTime" Val="1538302019"/>
        <Attr Name="UsedIn" Val="synthesis"/>
        <Attr Name="UsedIn" Val="simulation"/>
      </FileInfo>
    </File>
    <File Path="$PSRCDIR/sources_1/imports/imports/src/key_schedule.vhd">
      <FileInfo>
        <Attr Name="ImportPath" Val="$PPRDIR/../AES128_encryption_decryption/AES128_encryption_decryption/AES128_encryption_decryption.srcs/sources_1/imports/src/key_schedule.vhd"/>
        <Attr Name="ImportTime" Val="1537868887"/>
        <Attr Name="UsedIn" Val="synthesis"/>
        <Attr Name="UsedIn" Val="simulation"/>
      </FileInfo>
    </File>
    <File Path="$PSRCDIR/sources_1/imports/imports/src/enc_round.vhd">
      <FileInfo>
        <Attr Name="ImportPath" Val="$PPRDIR/../AES128_encryption_decryption/AES128_encryption_decryption/AES128_encryption_decryption.srcs/sources_1/imports/src/enc_round.vhd"/>
        <Attr Name="ImportTime" Val="1538231014"/>
        <Attr Name="UsedIn" Val="synthesis"/>
        <Attr Name="UsedIn" Val="simulation"/>
      </FileInfo>
    </File>
    <File Path="$PSRCDIR/sources_1/imports/imports/AES.vhd">
      <FileInfo>
        <Attr Name="ImportPath" Val="$PPRDIR/../AES128_encryption_decryption/AES128_encryption_decryption/AES128_encryption_decryption.srcs/sources_1/imports/AES.vhd"/>
        <Attr Name="ImportTime" Val="1538305519"/>
        <Attr Name="UsedIn" Val="synthesis"/>
        <Attr Name="UsedIn" Val="simulation"/>
      </FileInfo>
    </File>
    <File Path="$PSRCDIR/sources_1/imports/LFSR/lfsr_pkg.vhd">
      <FileInfo>
        <Attr Name="AutoDisabled" Val="1"/>
        <Attr Name="ImportPath" Val="$PPRDIR/../DPRonAESwithLFSR/Sources/LFSR/lfsr_pkg.vhd"/>
        <Attr Name="ImportTime" Val="1537303430"/>
        <Attr Name="UsedIn" Val="synthesis"/>
        <Attr Name="UsedIn" Val="simulation"/>
      </FileInfo>
    </File>
    <Config>
      <Option Name="DesignMode" Val="RTL"/>
      <Option Name="TopModule" Val="AES"/>
    </Config>
  </FileSet>
  <FileSet Name="constrs_in" Type="Constrs" RelSrcDir="$PSRCDIR/constrs_1">
    <Filter Type="Constrs"/>
    <File Path="$PSRCDIR/constrs_1/new/lfsr.xdc">
      <FileInfo>
        <Attr Name="ImportPath" Val="$PPRDIR/../DPRonAESwithLFSR/DPRonAESwithLFSR/DPRonAESwithLFSR.srcs/constrs_1/new/lfsr.xdc"/>
        <Attr Name="ImportTime" Val="1537439337"/>
        <Attr Name="UsedIn" Val="synthesis"/>
        <Attr Name="UsedIn" Val="implementation"/>
      </FileInfo>
    </File>
    <Config>
      <Option Name="TargetConstrsFile" Val="$PSRCDIR/constrs_1/new/lfsr.xdc"/>
      <Option Name="ConstrsType" Val="XDC"/>
    </Config>
  </FileSet>
  <Strategy Version="1" Minor="2">
    <StratHandle Name="Vivado Synthesis Defaults" Flow="Vivado Synthesis 2015"/>
    <Step Id="synth_design"/>
  </Strategy>
</GenRun>
